{"cameraMode":{"drawMode":0,"name":"Shaded","section":"Shading Mode"},"sceneLighting":true,"audioPlay":false,"sceneViewState":{"showFog":true,"showMaterialUpdate":false,"showSkybox":true,"showFlares":true,"showImageEffects":true,"showParticleSystems":true},"in2DMode":false,"pivot":{"x":-0.16698551177978517,"y":2.233229160308838,"z":-3.02315616607666},"rotation":{"x":-0.12106368690729141,"y":0.34152674674987795,"z":-0.04440511390566826,"w":-0.930993378162384},"size":13.967696189880371,"orthographic":false}