{"cameraMode":{"drawMode":0,"name":"Shaded","section":"Shading Mode"},"sceneLighting":false,"audioPlay":false,"sceneViewState":{"showFog":true,"showMaterialUpdate":false,"showSkybox":true,"showFlares":true,"showImageEffects":true,"showParticleSystems":true},"in2DMode":false,"pivot":{"x":-0.16888242959976197,"y":-0.07717147469520569,"z":0.5980796813964844},"rotation":{"x":-0.10715046525001526,"y":0.8628924489021301,"z":-0.20596762001514436,"w":-0.44890183210372927},"size":1.2147421836853028,"orthographic":false}